no,judul_video,nama_kanal,durasi,video_id,url,tanggal_akses
1,Tom and Jerry Duel Personality (1966),Tom Jerry,3:16,CUoZrxbg5TY,https://www.youtube.com/watch?v=CUoZrxbg5TY,2026-01-10
2,Tom and Jerry - Sorry Safari [1962],T & J,2:59,zYchcvC-jBM,https://www.youtube.com/watch?v=zYchcvC-jBM,2026-01-10
3,Looney Tunes - Upswept hare (1953)@cartoon000-0-s8q,cartoon000,1:42,LRY5lyOjnG0,https://www.youtube.com/watch?v=LRY5lyOjnG0,2026-01-10
4,Looney Tunes- Southern Bugs Bunny,History Pilot,2:48,9YVq6p9NCgc,https://www.youtube.com/watch?v=9YVq6p9NCgc,2026-01-10
5,"Bugs Bunny, Charles M. Wolf-Hare less Wolf (1958)",CARTOON LIKE IT STUDIO,3:00,WlvJt8sPzmU,https://www.youtube.com/watch?v=WlvJt8sPzmU,2026-01-10
6,Tom and Jerry - Episode 47 - Little Quacker Part 2,Grand Toys,3:16,vCZLhOTiSxA,https://www.youtube.com/watch?v=vCZLhOTiSxA,2026-01-10
7,Bunker Hill Bunny 1/3,X-Blade9636,2:39,8dC2oTCSd58,https://www.youtube.com/watch?v=8dC2oTCSd58,2026-01-10
8,The Tom and Jerry Cartoon Kit [1962],T & J,3:00,9VDyPgF3Ufc,https://www.youtube.com/watch?v=9VDyPgF3Ufc,2026-01-10
9,Tom and Jerry | Jerry and the Goldfish | Part 1,Pied Piper Of Hamelin,3:18,iH0W-L1FdHA,https://www.youtube.com/watch?v=iH0W-L1FdHA,2026-01-10
10,【Doraemon】Jaian VS Suneo Quick Draw Gun Duel,Anime Clips Hub,2:30,n_fgSq4lDkA,https://www.youtube.com/watch?v=n_fgSq4lDkA,2026-01-10
11,SpongeBob SquarePants Planktons Good Eye,Jonathan Maldonado,2:45,FlQAj0sMJa0,https://www.youtube.com/watch?v=FlQAj0sMJa0,2026-01-10
12,Bugs Bunny Ride Again 2/3,X-Blade9636,2:31,hFBrvSYMRF8,https://www.youtube.com/watch?v=hFBrvSYMRF8,2026-01-10
13,Tom and Jerry - Southbound Duckling (1955),Tom and Jerry Animation,2:58,Xnu2OgN_lL0,https://www.youtube.com/watch?v=Xnu2OgN_lL0,2026-01-10
14,Bugs Bunny - Bugs Bunny Rides Again - The Chase,Olivier Baghdadi,1:12,yUYVd3bgGp4,https://www.youtube.com/watch?v=yUYVd3bgGp4,2026-01-10
15,Jake's Perfect Sandwich [HD],Rayhato,1:40,ZVImfBMvXzE,https://www.youtube.com/watch?v=ZVImfBMvXzE,2026-01-10
16,Tom and Jerry - Down Beat Bear (1956),Tom and Jerry Animation,2:59,9WcEj8KdNgg,https://www.youtube.com/watch?v=9WcEj8KdNgg,2026-01-10
17,Tom and Jerry Episode 41 Hatch Up Your Troubles,Viral Videos,3:11,uuJvICcjHRY,https://www.youtube.com/watch?v=uuJvICcjHRY,2026-01-10
18,Tom and Jerry - Robin Hoodwinked (1958),Tom and Jerry Animation,3:00,VQPTTo_IRj0,https://www.youtube.com/watch?v=VQPTTo_IRj0,2026-01-11
19,Tom and Jerry - Sufferin' Cats! (1943),Tom and Jerry Animation,3:00,iIP8xA0p_no,https://www.youtube.com/watch?v=iIP8xA0p_no,2026-01-11
20,Rabbit Season VS Duck Season (Rabbit Fire),KaiserNeko,0:14,GLcksm1zGD0,https://www.youtube.com/watch?v=GLcksm1zGD0,2026-01-11
21,Ice Bear Becomes A Chef | We Bare Bears,Cartoon Network,2:42,g6wtg8B70jk,https://www.youtube.com/watch?v=g6wtg8B70jk,2026-01-11
22,Fast and Furry-ous 1/3,X-Blade9636,2:14,2jM6PVg1XZA,https://www.youtube.com/watch?v=2jM6PVg1XZA,2026-01-11
23,Tom & Jerry Barbecue Brawl Episode 104,T & J,2:57,0Yvwzon0sJc,https://www.youtube.com/watch?v=0Yvwzon0sJc,2026-01-11
24,The Abominable Snow Rabbit (1961) Opening & Closing,Tom and jerry fan 001,3:02,xB_5VDsx8_4,https://www.youtube.com/watch?v=xB_5VDsx8_4,2026-01-11
25,"Tom and Jerry - Ah, Sweet Mouse Story of Life",Everything Cartoons,2:39,_y27iGnkMt4,https://www.youtube.com/watch?v=_y27iGnkMt4,2026-01-11
26,"Tom and Jerry, Episode 49 - Texas Tom [1950] - P1/3",Duge Mite,2:57,2M4Rpu5IjeY,https://www.youtube.com/watch?v=2M4Rpu5IjeY,2026-01-11
27,Looney Tunes Sahara Hare,Orbit Toons,3:01,Tfdsp6dezWc,https://www.youtube.com/watch?v=Tfdsp6dezWc,2026-01-11
28,Tom and Jerry - The Two Mouseketeers (1952),Tom and Jerry Animation,3:00,XMPopIi_fLo,https://www.youtube.com/watch?v=XMPopIi_fLo,2026-01-11
29,Snow Business (1953) ❄️,Vintage Cartoons Old,1:15,N1-zyQf98jA,https://www.youtube.com/watch?v=N1-zyQf98jA,2026-01-11
30,Rabbit Seasoning 1/3,X-Blade9636,2:13,Lo8kxm0i93c,https://www.youtube.com/watch?v=Lo8kxm0i93c,2026-01-11
31,"Tom and Jerry cartoon - Touché, Pussy Cat! 1954",Gary8687,3:00,1k7o0IX_t3g,https://www.youtube.com/watch?v=1k7o0IX_t3g,2026-01-11
32,Tom and Jerry - Fit to be Tied [1952],T & J,3:01,Z_0xDGlo21A,https://www.youtube.com/watch?v=Z_0xDGlo21A,2026-01-11
33,Tom and Jerry - The Truce Hurts (1948),Tom and Jerry Animation,3:00,CAkMoMQHNhc,https://www.youtube.com/watch?v=CAkMoMQHNhc,2026-01-11
34,Tom and Jerry - The Mouse Comes to Dinner 1945,Gary8687,3:00,jLfvssJCp0E,https://www.youtube.com/watch?v=jLfvssJCp0E,2026-01-11
35,Fastest With The Mostest (1960) [HD],Brandon Juarez,7:21,Gn3m8cvtoYs,https://www.youtube.com/watch?v=Gn3m8cvtoYs,2026-01-12
36,"Looney Tunes ""Wild and Woolly Hare"" Opening & Closing",Looney & Cartoon fan 004,2:59,BP91GHiEgnY,https://www.youtube.com/watch?v=BP91GHiEgnY,2026-01-12
37,Pearl Trains Connie | Steven Universe | Cartoon Network,Steven Universe,3:50,wCKBY_Ewlbg,https://www.youtube.com/watch?v=wCKBY_Ewlbg,2026-01-12
38,Steven Universe - Sworn to the Sword (Clip 4),Cartoon Network Australia,2:02,Fr71MdVpynQ,https://www.youtube.com/watch?v=Fr71MdVpynQ,2026-01-12
39,Something is wrong with that sword! | Adventure Time,Adventure Time,4:46,KnejpKhAooo,https://www.youtube.com/watch?v=KnejpKhAooo,2026-01-12
40,Adventure Time | Three Buckets | Cartoon Network,Adventure Time,5:21,7Foa0bTvB_U,https://www.youtube.com/watch?v=7Foa0bTvB_U,2026-01-12
41,Trapped in The Pit! | Adventure Time | Cartoon Network,Adventure Time,3:59,o3aR6KiPzJs,https://www.youtube.com/watch?v=o3aR6KiPzJs,2026-01-12
42,Adventure Time | Dungeon Train | Cartoon Network,Adventure Time,5:17,l9ILza1b7YA,https://www.youtube.com/watch?v=l9ILza1b7YA,2026-01-12
43,Todas las espadas de Finn en Hora de Aventura,NGEX Supremo,17:08,Awpg5f2GV5Q,https://www.youtube.com/watch?v=Awpg5f2GV5Q,2026-01-12
44,Tom and Jerry - The Vanishing Duck (1958),Tom and Jerry Animation,2:59,kWV1M1jEs2M,https://www.youtube.com/watch?v=kWV1M1jEs2M,2026-01-12
45,Spongebob Eps Dunces And Dragons (1/11),Asatron TV,2:16,9goiHqDeu5s,https://www.youtube.com/watch?v=9goiHqDeu5s,2026-01-12
46,Tom and Jerry The A Tom Inable Snowman 1966,Mes Parrains 2016,3:01,UZKzOvfqnYI,https://www.youtube.com/watch?v=UZKzOvfqnYI,2026-01-12
47,Tom and Jerry | Wild West Chase,WB Kids / Boomerang,5:24,vvgJoUQHb9w,https://www.youtube.com/watch?v=vvgJoUQHb9w,2026-01-12
48,Drip-Along Daffy 2/3,X-Blade9636,2:27,naGAwRJSl6k,https://www.youtube.com/watch?v=naGAwRJSl6k,2026-01-12
49,Looney Tunes - Bugs Outwits Rocky and Mugsy,Playmates Remix365,2:43,x7itNBV1cio,https://www.youtube.com/watch?v=x7itNBV1cio,2026-01-12
50,Claws in the Lease (1963) Opening and Closing,Tom and jerry fan 001,3:01,sk3HjJDpdlM,https://www.youtube.com/watch?v=sk3HjJDpdlM,2026-01-12
51,Disney Classic Cartoons | Clown of the Jungle,Disney Classic Animation,6:13,1llDBAN8UnE,https://www.youtube.com/watch?v=1llDBAN8UnE,2026-01-12
52,Classic Disney Western Bank Robbery - Pete & Outlaws,Vintage Disney Vault,6:34,mVc8NMldpls,https://www.youtube.com/watch?v=mVc8NMldpls,2026-01-12
